nonce,hash,status,transactionId,to,value,data,speed,gasLimit,type,gasDetails,sentAt
108,0x3c88bdfdb52533ffceb26ea6967f36ff7759501cbe6ac7074f3925194c355b47,submitted,27150938-d49b-4abf-9779-da574cee4f47,0x0B010000b7624eb9B3DfBC279673C76E9D29D5F7,0x0,0x095ea7b30000000000000000000000001932e815254c53b3ecd81cecf252a5ac7f0e8beaffffffffffffffffffffffffffffffffffffffffffffffffffffffffffffffff,fastest,60000,EIP1559,maxFeePerGas=8975743209,maxPriorityFeePerGas=3653844563,2025-06-07T09:04:23.710Z
109,0x5506dc3feec652b680c5206e8c5d00a3f3ee68e283ccb257386133f39fc1590c,submitted,c2cb124c-8d68-4f8b-8adb-677f9fa36646,0x5c8032e8fb4603a9f0483ab26e8fc356fde0e5b9,0x0,0x,fast,21000,EIP1559,maxFeePerGas=8159766553,maxPriorityFeePerGas=3321676875,2025-06-07T09:04:14.954Z
110,0xabd9dff1d5d53ea54bac2aa500806ea555104ebd63b1ce51d98e24e266ab6712,submitted,353e625c-29c2-4332-a727-99b6e1c4683f,0x1932e815254c53B3Ecd81CECf252A5AC7f0e8BeA,0x0,0x0cbeab6d0000000000000000000000005c8032e8fb4603a9f0483ab26e8fc356fde0e5b9000000000000000000000000000000000000000000000079e2d16f775cab2d250000000000000000000000000000000000000000000000000000000000000060000000000000000000000000000000000000000000000000000000000000006400000000000000000000000000000000000000000000000000000000000001a2000000000000000000000000000000000000000000000000000000000000000200000000000000000000000000000000000000000000000000000000000001ca00000000000000000000000000000000000000000000000000000000000001be0000000000000000000000000000000000000000000000000000000000000020000000000000000000000000000000000000000000000000000000000000013a000000000000000000000000000000000000000000000000000000000000000100000000000000000000000000000000000000000000000000000000000001b10000000000000000000000000000000000000000000000000000000000000014000000000000000000000000000000000000000000000000000000000000000d00000000000000000000000000000000000000000000000000000000000000580000000000000000000000000000000000000000000000000000000000000003000000000000000000000000000000000000000000000000000000000000000c000000000000000000000000000000000000000000000000000000000000013b00000000000000000000000000000000000000000000000000000000000001bb000000000000000000000000000000000000000000000000000000000000013c000000000000000000000000000000000000000000000000000000000000002500000000000000000000000000000000000000000000000000000000000001c4000000000000000000000000000000000000000000000000000000000000002200000000000000000000000000000000000000000000000000000000000001b6000000000000000000000000000000000000000000000000000000000000001700000000000000000000000000000000000000000000000000000000000001b000000000000000000000000000000000000000000000000000000000000000f900000000000000000000000000000000000000000000000000000000000001a6000000000000000000000000000000000000000000000000000000000000001600000000000000000000000000000000000000000000000000000000000001cb00000000000000000000000000000000000000000000000000000000000001a0000000000000000000000000000000000000000000000000000000000000012800000000000000000000000000000000000000000000000000000000000000e3000000000000000000000000000000000000000000000000000000000000000800000000000000000000000000000000000000000000000000000000000000bb000000000000000000000000000000000000000000000000000000000000002400000000000000000000000000000000000000000000000000000000000001640000000000000000000000000000000000000000000000000000000000000112000000000000000000000000000000000000000000000000000000000000002d00000000000000000000000000000000000000000000000000000000000000520000000000000000000000000000000000000000000000000000000000000023000000000000000000000000000000000000000000000000000000000000016b0000000000000000000000000000000000000000000000000000000000000176000000000000000000000000000000000000000000000000000000000000017a000000000000000000000000000000000000000000000000000000000000017b0000000000000000000000000000000000000000000000000000000000000178000000000000000000000000000000000000000000000000000000000000012b00000000000000000000000000000000000000000000000000000000000001b9000000000000000000000000000000000000000000000000000000000000019e000000000000000000000000000000000000000000000000000000000000003f00000000000000000000000000000000000000000000000000000000000001bf00000000000000000000000000000000000000000000000000000000000001510000000000000000000000000000000000000000000000000000000000000005000000000000000000000000000000000000000000000000000000000000011a000000000000000000000000000000000000000000000000000000000000002900000000000000000000000000000000000000000000000000000000000001c8000000000000000000000000000000000000000000000000000000000000003800000000000000000000000000000000000000000000000000000000000001cd000000000000000000000000000000000000000000000000000000000000001500000000000000000000000000000000000000000000000000000000000001bd00000000000000000000000000000000000000000000000000000000000000d800000000000000000000000000000000000000000000000000000000000000c100000000000000000000000000000000000000000000000000000000000000f400000000000000000000000000000000000000000000000000000000000001c700000000000000000000000000000000000000000000000000000000000001c3000000000000000000000000000000000000000000000000000000000000010b000000000000000000000000000000000000000000000000000000000000003b0000000000000000000000000000000000000000000000000000000000000129000000000000000000000000000000000000000000000000000000000000017400000000000000000000000000000000000000000000000000000000000001ac00000000000000000000000000000000000000000000000000000000000000f0000000000000000000000000000000000000000000000000000000000000016e000000000000000000000000000000000000000000000000000000000000014400000000000000000000000000000000000000000000000000000000000000cd0000000000000000000000000000000000000000000000000000000000000173000000000000000000000000000000000000000000000000000000000000014300000000000000000000000000000000000000000000000000000000000001b80000000000000000000000000000000000000000000000000000000000000033000000000000000000000000000000000000000000000000000000000000014700000000000000000000000000000000000000000000000000000000000000bd00000000000000000000000000000000000000000000000000000000000001480000000000000000000000000000000000000000000000000000000000000047000000000000000000000000000000000000000000000000000000000000015400000000000000000000000000000000000000000000000000000000000000e400000000000000000000000000000000000000000000000000000000000000e600000000000000000000000000000000000000000000000000000000000000e000000000000000000000000000000000000000000000000000000000000000e5000000000000000000000000000000000000000000000000000000000000013f00000000000000000000000000000000000000000000000000000000000001410000000000000000000000000000000000000000000000000000000000000140000000000000000000000000000000000000000000000000000000000000014200000000000000000000000000000000000000000000000000000000000001520000000000000000000000000000000000000000000000000000000000000153000000000000000000000000000000000000000000000000000000000000013e00000000000000000000000000000000000000000000000000000000000000c900000000000000000000000000000000000000000000000000000000000001c90000000000000000000000000000000000000000000000000000000000000113000000000000000000000000000000000000000000000000000000000000012c0000000000000000000000000000000000000000000000000000000000000076000000000000000000000000000000000000000000000000000000000000010400000000000000000000000000000000000000000000000000000000000001330000000000000000000000000000000000000000000000000000000000000010000000000000000000000000000000000000000000000000000000000000016f000000000000000000000000000000000000000000000000000000000000019d,,4190612,EIP1559,maxFeePerGas=4821328625,maxPriorityFeePerGas=1875000000,2025-06-07T09:04:15.234Z
111,0x2f9e449ab6b878fdfd9f91ef8956481e90403269256e84a7be74fd707a126ccb,submitted,5c09c54d-873e-49a2-8445-b902908167b5,0x1932e815254c53B3Ecd81CECf252A5AC7f0e8BeA,0x0,0x0cbeab6d0000000000000000000000005c8032e8fb4603a9f0483ab26e8fc356fde0e5b9000000000000000000000000000000000000000000000079e2d16f775cab2d250000000000000000000000000000000000000000000000000000000000000060000000000000000000000000000000000000000000000000000000000000005900000000000000000000000000000000000000000000000000000000000001a2000000000000000000000000000000000000000000000000000000000000000200000000000000000000000000000000000000000000000000000000000001ca00000000000000000000000000000000000000000000000000000000000001be0000000000000000000000000000000000000000000000000000000000000020000000000000000000000000000000000000000000000000000000000000013a000000000000000000000000000000000000000000000000000000000000000100000000000000000000000000000000000000000000000000000000000001b10000000000000000000000000000000000000000000000000000000000000014000000000000000000000000000000000000000000000000000000000000000d00000000000000000000000000000000000000000000000000000000000000580000000000000000000000000000000000000000000000000000000000000003000000000000000000000000000000000000000000000000000000000000000c000000000000000000000000000000000000000000000000000000000000013b00000000000000000000000000000000000000000000000000000000000001bb000000000000000000000000000000000000000000000000000000000000013c000000000000000000000000000000000000000000000000000000000000002500000000000000000000000000000000000000000000000000000000000001c4000000000000000000000000000000000000000000000000000000000000002200000000000000000000000000000000000000000000000000000000000001b6000000000000000000000000000000000000000000000000000000000000001700000000000000000000000000000000000000000000000000000000000001b000000000000000000000000000000000000000000000000000000000000000f900000000000000000000000000000000000000000000000000000000000001a6000000000000000000000000000000000000000000000000000000000000001600000000000000000000000000000000000000000000000000000000000001a000000000000000000000000000000000000000000000000000000000000001cb000000000000000000000000000000000000000000000000000000000000012800000000000000000000000000000000000000000000000000000000000000e3000000000000000000000000000000000000000000000000000000000000000800000000000000000000000000000000000000000000000000000000000000bb000000000000000000000000000000000000000000000000000000000000002400000000000000000000000000000000000000000000000000000000000001640000000000000000000000000000000000000000000000000000000000000112000000000000000000000000000000000000000000000000000000000000002d00000000000000000000000000000000000000000000000000000000000000520000000000000000000000000000000000000000000000000000000000000023000000000000000000000000000000000000000000000000000000000000016b0000000000000000000000000000000000000000000000000000000000000176000000000000000000000000000000000000000000000000000000000000017a000000000000000000000000000000000000000000000000000000000000017b0000000000000000000000000000000000000000000000000000000000000178000000000000000000000000000000000000000000000000000000000000012b000000000000000000000000000000000000000000000000000000000000019e00000000000000000000000000000000000000000000000000000000000001b9000000000000000000000000000000000000000000000000000000000000003f00000000000000000000000000000000000000000000000000000000000001bf00000000000000000000000000000000000000000000000000000000000001510000000000000000000000000000000000000000000000000000000000000005000000000000000000000000000000000000000000000000000000000000011a000000000000000000000000000000000000000000000000000000000000002900000000000000000000000000000000000000000000000000000000000001c80000000000000000000000000000000000000000000000000000000000000038000000000000000000000000000000000000000000000000000000000000001500000000000000000000000000000000000000000000000000000000000001cd00000000000000000000000000000000000000000000000000000000000000d800000000000000000000000000000000000000000000000000000000000001bd00000000000000000000000000000000000000000000000000000000000000f400000000000000000000000000000000000000000000000000000000000000c100000000000000000000000000000000000000000000000000000000000001c7000000000000000000000000000000000000000000000000000000000000010b000000000000000000000000000000000000000000000000000000000000003b0000000000000000000000000000000000000000000000000000000000000129000000000000000000000000000000000000000000000000000000000000017400000000000000000000000000000000000000000000000000000000000001c300000000000000000000000000000000000000000000000000000000000001ac00000000000000000000000000000000000000000000000000000000000000f0000000000000000000000000000000000000000000000000000000000000016e000000000000000000000000000000000000000000000000000000000000014400000000000000000000000000000000000000000000000000000000000000cd00000000000000000000000000000000000000000000000000000000000001730000000000000000000000000000000000000000000000000000000000000143000000000000000000000000000000000000000000000000000000000000003300000000000000000000000000000000000000000000000000000000000001b8000000000000000000000000000000000000000000000000000000000000014700000000000000000000000000000000000000000000000000000000000000bd00000000000000000000000000000000000000000000000000000000000001480000000000000000000000000000000000000000000000000000000000000047000000000000000000000000000000000000000000000000000000000000015400000000000000000000000000000000000000000000000000000000000000e000000000000000000000000000000000000000000000000000000000000000e400000000000000000000000000000000000000000000000000000000000000e600000000000000000000000000000000000000000000000000000000000000e5000000000000000000000000000000000000000000000000000000000000013f00000000000000000000000000000000000000000000000000000000000001410000000000000000000000000000000000000000000000000000000000000140000000000000000000000000000000000000000000000000000000000000014200000000000000000000000000000000000000000000000000000000000001520000000000000000000000000000000000000000000000000000000000000153,,3734416,EIP1559,maxFeePerGas=4604237395,maxPriorityFeePerGas=1875000000,2025-06-07T09:04:15.002Z
112,0x8c409ff616454ee82fd6ec913e268d17fe5deb18d4fc5f4fb0d5663f10301a01,submitted,83b716c3-0fd0-411c-a02b-ea8e6048b29c,0x1932e815254c53B3Ecd81CECf252A5AC7f0e8BeA,0x0,0x0cbeab6d0000000000000000000000005c8032e8fb4603a9f0483ab26e8fc356fde0e5b9000000000000000000000000000000000000000000000079e2d16f775cab2d250000000000000000000000000000000000000000000000000000000000000060000000000000000000000000000000000000000000000000000000000000004f00000000000000000000000000000000000000000000000000000000000001a2000000000000000000000000000000000000000000000000000000000000000200000000000000000000000000000000000000000000000000000000000001ca00000000000000000000000000000000000000000000000000000000000001be0000000000000000000000000000000000000000000000000000000000000020000000000000000000000000000000000000000000000000000000000000013a000000000000000000000000000000000000000000000000000000000000000100000000000000000000000000000000000000000000000000000000000001b10000000000000000000000000000000000000000000000000000000000000014000000000000000000000000000000000000000000000000000000000000000d00000000000000000000000000000000000000000000000000000000000000580000000000000000000000000000000000000000000000000000000000000003000000000000000000000000000000000000000000000000000000000000000c000000000000000000000000000000000000000000000000000000000000013b00000000000000000000000000000000000000000000000000000000000001bb000000000000000000000000000000000000000000000000000000000000013c000000000000000000000000000000000000000000000000000000000000002500000000000000000000000000000000000000000000000000000000000001c4000000000000000000000000000000000000000000000000000000000000002200000000000000000000000000000000000000000000000000000000000001b6000000000000000000000000000000000000000000000000000000000000001700000000000000000000000000000000000000000000000000000000000001b000000000000000000000000000000000000000000000000000000000000000f900000000000000000000000000000000000000000000000000000000000001a6000000000000000000000000000000000000000000000000000000000000001600000000000000000000000000000000000000000000000000000000000001a0000000000000000000000000000000000000000000000000000000000000012800000000000000000000000000000000000000000000000000000000000001cb00000000000000000000000000000000000000000000000000000000000000e3000000000000000000000000000000000000000000000000000000000000000800000000000000000000000000000000000000000000000000000000000000bb000000000000000000000000000000000000000000000000000000000000002400000000000000000000000000000000000000000000000000000000000001640000000000000000000000000000000000000000000000000000000000000112000000000000000000000000000000000000000000000000000000000000002d00000000000000000000000000000000000000000000000000000000000000520000000000000000000000000000000000000000000000000000000000000023000000000000000000000000000000000000000000000000000000000000016b00000000000000000000000000000000000000000000000000000000000001780000000000000000000000000000000000000000000000000000000000000176000000000000000000000000000000000000000000000000000000000000017a000000000000000000000000000000000000000000000000000000000000017b000000000000000000000000000000000000000000000000000000000000012b000000000000000000000000000000000000000000000000000000000000019e000000000000000000000000000000000000000000000000000000000000003f00000000000000000000000000000000000000000000000000000000000001b900000000000000000000000000000000000000000000000000000000000001bf00000000000000000000000000000000000000000000000000000000000001510000000000000000000000000000000000000000000000000000000000000005000000000000000000000000000000000000000000000000000000000000011a0000000000000000000000000000000000000000000000000000000000000029000000000000000000000000000000000000000000000000000000000000003800000000000000000000000000000000000000000000000000000000000001c8000000000000000000000000000000000000000000000000000000000000001500000000000000000000000000000000000000000000000000000000000001cd00000000000000000000000000000000000000000000000000000000000000d800000000000000000000000000000000000000000000000000000000000000f400000000000000000000000000000000000000000000000000000000000000c100000000000000000000000000000000000000000000000000000000000001bd000000000000000000000000000000000000000000000000000000000000010b000000000000000000000000000000000000000000000000000000000000003b0000000000000000000000000000000000000000000000000000000000000129000000000000000000000000000000000000000000000000000000000000017400000000000000000000000000000000000000000000000000000000000001c700000000000000000000000000000000000000000000000000000000000001ac00000000000000000000000000000000000000000000000000000000000001c300000000000000000000000000000000000000000000000000000000000000f0000000000000000000000000000000000000000000000000000000000000016e000000000000000000000000000000000000000000000000000000000000014400000000000000000000000000000000000000000000000000000000000000cd000000000000000000000000000000000000000000000000000000000000017300000000000000000000000000000000000000000000000000000000000001430000000000000000000000000000000000000000000000000000000000000033000000000000000000000000000000000000000000000000000000000000014700000000000000000000000000000000000000000000000000000000000000bd00000000000000000000000000000000000000000000000000000000000001b8000000000000000000000000000000000000000000000000000000000000014800000000000000000000000000000000000000000000000000000000000000470000000000000000000000000000000000000000000000000000000000000154,,3339923,EIP1559,maxFeePerGas=4539170682,maxPriorityFeePerGas=1875000000,2025-06-07T09:04:15.058Z
113,0x44e9adf13916e192bd5a3f90cf80733a7ca23be20665069c8ffde5108b07f4b5,submitted,e1a91ae8-9ed2-462b-8ff9-fdf5622c266f,0x1932e815254c53B3Ecd81CECf252A5AC7f0e8BeA,0x0,0x0cbeab6d0000000000000000000000005c8032e8fb4603a9f0483ab26e8fc356fde0e5b9000000000000000000000000000000000000000000000079e2d16f775cab2d250000000000000000000000000000000000000000000000000000000000000060000000000000000000000000000000000000000000000000000000000000004400000000000000000000000000000000000000000000000000000000000001a2000000000000000000000000000000000000000000000000000000000000000200000000000000000000000000000000000000000000000000000000000001ca00000000000000000000000000000000000000000000000000000000000001be0000000000000000000000000000000000000000000000000000000000000020000000000000000000000000000000000000000000000000000000000000013a0000000000000000000000000000000000000000000000000000000000000001000000000000000000000000000000000000000000000000000000000000001400000000000000000000000000000000000000000000000000000000000001b1000000000000000000000000000000000000000000000000000000000000000d00000000000000000000000000000000000000000000000000000000000000580000000000000000000000000000000000000000000000000000000000000003000000000000000000000000000000000000000000000000000000000000000c000000000000000000000000000000000000000000000000000000000000013b00000000000000000000000000000000000000000000000000000000000001bb000000000000000000000000000000000000000000000000000000000000013c000000000000000000000000000000000000000000000000000000000000002500000000000000000000000000000000000000000000000000000000000001c4000000000000000000000000000000000000000000000000000000000000002200000000000000000000000000000000000000000000000000000000000001b6000000000000000000000000000000000000000000000000000000000000001700000000000000000000000000000000000000000000000000000000000001b000000000000000000000000000000000000000000000000000000000000000f900000000000000000000000000000000000000000000000000000000000001a6000000000000000000000000000000000000000000000000000000000000001600000000000000000000000000000000000000000000000000000000000001a0000000000000000000000000000000000000000000000000000000000000012800000000000000000000000000000000000000000000000000000000000001cb00000000000000000000000000000000000000000000000000000000000000e3000000000000000000000000000000000000000000000000000000000000000800000000000000000000000000000000000000000000000000000000000000bb000000000000000000000000000000000000000000000000000000000000002400000000000000000000000000000000000000000000000000000000000001640000000000000000000000000000000000000000000000000000000000000112000000000000000000000000000000000000000000000000000000000000002d00000000000000000000000000000000000000000000000000000000000000520000000000000000000000000000000000000000000000000000000000000023000000000000000000000000000000000000000000000000000000000000016b00000000000000000000000000000000000000000000000000000000000001780000000000000000000000000000000000000000000000000000000000000176000000000000000000000000000000000000000000000000000000000000017a000000000000000000000000000000000000000000000000000000000000017b000000000000000000000000000000000000000000000000000000000000012b000000000000000000000000000000000000000000000000000000000000019e000000000000000000000000000000000000000000000000000000000000003f00000000000000000000000000000000000000000000000000000000000001b900000000000000000000000000000000000000000000000000000000000001bf00000000000000000000000000000000000000000000000000000000000001510000000000000000000000000000000000000000000000000000000000000005000000000000000000000000000000000000000000000000000000000000011a0000000000000000000000000000000000000000000000000000000000000029000000000000000000000000000000000000000000000000000000000000003800000000000000000000000000000000000000000000000000000000000001c8000000000000000000000000000000000000000000000000000000000000001500000000000000000000000000000000000000000000000000000000000001cd00000000000000000000000000000000000000000000000000000000000000d800000000000000000000000000000000000000000000000000000000000000f400000000000000000000000000000000000000000000000000000000000000c100000000000000000000000000000000000000000000000000000000000001bd000000000000000000000000000000000000000000000000000000000000010b000000000000000000000000000000000000000000000000000000000000003b0000000000000000000000000000000000000000000000000000000000000129000000000000000000000000000000000000000000000000000000000000017400000000000000000000000000000000000000000000000000000000000001c700000000000000000000000000000000000000000000000000000000000001ac00000000000000000000000000000000000000000000000000000000000001c300000000000000000000000000000000000000000000000000000000000000f0000000000000000000000000000000000000000000000000000000000000016e,,2905975,EIP1559,maxFeePerGas=3994491725,maxPriorityFeePerGas=1875000000,2025-06-07T09:04:15.053Z
114,0x1e3899897a55de02fb16a9a56cf41e41642294259e0d2668c8c4f94687782a25,submitted,d4dca0f2-c77b-409f-b850-e12c09dea0aa,0x1932e815254c53B3Ecd81CECf252A5AC7f0e8BeA,0x0,0x0cbeab6d0000000000000000000000005c8032e8fb4603a9f0483ab26e8fc356fde0e5b9000000000000000000000000000000000000000000000079e2d16f775cab2d250000000000000000000000000000000000000000000000000000000000000060000000000000000000000000000000000000000000000000000000000000003d00000000000000000000000000000000000000000000000000000000000001a2000000000000000000000000000000000000000000000000000000000000000200000000000000000000000000000000000000000000000000000000000001ca00000000000000000000000000000000000000000000000000000000000001be0000000000000000000000000000000000000000000000000000000000000020000000000000000000000000000000000000000000000000000000000000013a0000000000000000000000000000000000000000000000000000000000000001000000000000000000000000000000000000000000000000000000000000001400000000000000000000000000000000000000000000000000000000000001b1000000000000000000000000000000000000000000000000000000000000000d00000000000000000000000000000000000000000000000000000000000000580000000000000000000000000000000000000000000000000000000000000003000000000000000000000000000000000000000000000000000000000000000c000000000000000000000000000000000000000000000000000000000000013b000000000000000000000000000000000000000000000000000000000000013c000000000000000000000000000000000000000000000000000000000000002500000000000000000000000000000000000000000000000000000000000001bb00000000000000000000000000000000000000000000000000000000000001c4000000000000000000000000000000000000000000000000000000000000002200000000000000000000000000000000000000000000000000000000000001b6000000000000000000000000000000000000000000000000000000000000001700000000000000000000000000000000000000000000000000000000000001b000000000000000000000000000000000000000000000000000000000000000f900000000000000000000000000000000000000000000000000000000000001a6000000000000000000000000000000000000000000000000000000000000001600000000000000000000000000000000000000000000000000000000000001a0000000000000000000000000000000000000000000000000000000000000012800000000000000000000000000000000000000000000000000000000000001cb00000000000000000000000000000000000000000000000000000000000000e3000000000000000000000000000000000000000000000000000000000000000800000000000000000000000000000000000000000000000000000000000000bb000000000000000000000000000000000000000000000000000000000000002400000000000000000000000000000000000000000000000000000000000001640000000000000000000000000000000000000000000000000000000000000112000000000000000000000000000000000000000000000000000000000000002d00000000000000000000000000000000000000000000000000000000000000520000000000000000000000000000000000000000000000000000000000000023000000000000000000000000000000000000000000000000000000000000016b00000000000000000000000000000000000000000000000000000000000001780000000000000000000000000000000000000000000000000000000000000176000000000000000000000000000000000000000000000000000000000000017a000000000000000000000000000000000000000000000000000000000000017b000000000000000000000000000000000000000000000000000000000000012b000000000000000000000000000000000000000000000000000000000000019e000000000000000000000000000000000000000000000000000000000000003f00000000000000000000000000000000000000000000000000000000000001b900000000000000000000000000000000000000000000000000000000000001bf00000000000000000000000000000000000000000000000000000000000001510000000000000000000000000000000000000000000000000000000000000005000000000000000000000000000000000000000000000000000000000000011a0000000000000000000000000000000000000000000000000000000000000029000000000000000000000000000000000000000000000000000000000000003800000000000000000000000000000000000000000000000000000000000001c8000000000000000000000000000000000000000000000000000000000000001500000000000000000000000000000000000000000000000000000000000001cd00000000000000000000000000000000000000000000000000000000000000d800000000000000000000000000000000000000000000000000000000000000f400000000000000000000000000000000000000000000000000000000000000c100000000000000000000000000000000000000000000000000000000000001bd000000000000000000000000000000000000000000000000000000000000010b000000000000000000000000000000000000000000000000000000000000003b,,2629802,EIP1559,maxFeePerGas=4094170597,maxPriorityFeePerGas=1875000000,2025-06-07T09:04:14.993Z
115,0xff4a8ddbc7fd202f08e0a1bbf6b707a2a2b4cc981fad76cb798e504730bc32f8,submitted,6f5c66d5-ffaa-4bf2-a168-1624ce94401a,0x1932e815254c53B3Ecd81CECf252A5AC7f0e8BeA,0x0,0x0cbeab6d0000000000000000000000005c8032e8fb4603a9f0483ab26e8fc356fde0e5b9000000000000000000000000000000000000000000000079e2d16f775cab2d250000000000000000000000000000000000000000000000000000000000000060000000000000000000000000000000000000000000000000000000000000003700000000000000000000000000000000000000000000000000000000000001a2000000000000000000000000000000000000000000000000000000000000000200000000000000000000000000000000000000000000000000000000000001ca00000000000000000000000000000000000000000000000000000000000001be0000000000000000000000000000000000000000000000000000000000000020000000000000000000000000000000000000000000000000000000000000013a0000000000000000000000000000000000000000000000000000000000000001000000000000000000000000000000000000000000000000000000000000001400000000000000000000000000000000000000000000000000000000000001b1000000000000000000000000000000000000000000000000000000000000000d00000000000000000000000000000000000000000000000000000000000000580000000000000000000000000000000000000000000000000000000000000003000000000000000000000000000000000000000000000000000000000000000c000000000000000000000000000000000000000000000000000000000000013b000000000000000000000000000000000000000000000000000000000000013c000000000000000000000000000000000000000000000000000000000000002500000000000000000000000000000000000000000000000000000000000001bb00000000000000000000000000000000000000000000000000000000000001c4000000000000000000000000000000000000000000000000000000000000002200000000000000000000000000000000000000000000000000000000000001b6000000000000000000000000000000000000000000000000000000000000001700000000000000000000000000000000000000000000000000000000000001b000000000000000000000000000000000000000000000000000000000000000f900000000000000000000000000000000000000000000000000000000000001a6000000000000000000000000000000000000000000000000000000000000001600000000000000000000000000000000000000000000000000000000000001a0000000000000000000000000000000000000000000000000000000000000012800000000000000000000000000000000000000000000000000000000000001cb00000000000000000000000000000000000000000000000000000000000000e3000000000000000000000000000000000000000000000000000000000000000800000000000000000000000000000000000000000000000000000000000000bb000000000000000000000000000000000000000000000000000000000000002400000000000000000000000000000000000000000000000000000000000001640000000000000000000000000000000000000000000000000000000000000112000000000000000000000000000000000000000000000000000000000000002d00000000000000000000000000000000000000000000000000000000000000520000000000000000000000000000000000000000000000000000000000000023000000000000000000000000000000000000000000000000000000000000016b00000000000000000000000000000000000000000000000000000000000001780000000000000000000000000000000000000000000000000000000000000176000000000000000000000000000000000000000000000000000000000000017a000000000000000000000000000000000000000000000000000000000000017b000000000000000000000000000000000000000000000000000000000000012b000000000000000000000000000000000000000000000000000000000000019e000000000000000000000000000000000000000000000000000000000000003f00000000000000000000000000000000000000000000000000000000000001b900000000000000000000000000000000000000000000000000000000000001bf00000000000000000000000000000000000000000000000000000000000001510000000000000000000000000000000000000000000000000000000000000005000000000000000000000000000000000000000000000000000000000000011a00000000000000000000000000000000000000000000000000000000000000290000000000000000000000000000000000000000000000000000000000000038000000000000000000000000000000000000000000000000000000000000001500000000000000000000000000000000000000000000000000000000000001c800000000000000000000000000000000000000000000000000000000000001cd,,2393131,EIP1559,maxFeePerGas=4071911132,maxPriorityFeePerGas=1875000000,2025-06-07T09:04:14.960Z
116,0xe1264186b781b77a5a7548568163fa376f6d45e6041971aaf41883d58845df15,submitted,83063384-3f6e-4046-9a79-495c2b8aa33f,0x1932e815254c53B3Ecd81CECf252A5AC7f0e8BeA,0x0,0x0cbeab6d0000000000000000000000005c8032e8fb4603a9f0483ab26e8fc356fde0e5b9000000000000000000000000000000000000000000000079e2d16f775cab2d250000000000000000000000000000000000000000000000000000000000000060000000000000000000000000000000000000000000000000000000000000003200000000000000000000000000000000000000000000000000000000000001a2000000000000000000000000000000000000000000000000000000000000000200000000000000000000000000000000000000000000000000000000000001ca00000000000000000000000000000000000000000000000000000000000001be0000000000000000000000000000000000000000000000000000000000000020000000000000000000000000000000000000000000000000000000000000013a0000000000000000000000000000000000000000000000000000000000000001000000000000000000000000000000000000000000000000000000000000001400000000000000000000000000000000000000000000000000000000000001b1000000000000000000000000000000000000000000000000000000000000000d00000000000000000000000000000000000000000000000000000000000000580000000000000000000000000000000000000000000000000000000000000003000000000000000000000000000000000000000000000000000000000000000c000000000000000000000000000000000000000000000000000000000000013b000000000000000000000000000000000000000000000000000000000000013c000000000000000000000000000000000000000000000000000000000000002500000000000000000000000000000000000000000000000000000000000001bb00000000000000000000000000000000000000000000000000000000000001c4000000000000000000000000000000000000000000000000000000000000002200000000000000000000000000000000000000000000000000000000000001b6000000000000000000000000000000000000000000000000000000000000001700000000000000000000000000000000000000000000000000000000000001b000000000000000000000000000000000000000000000000000000000000000f900000000000000000000000000000000000000000000000000000000000001a6000000000000000000000000000000000000000000000000000000000000001600000000000000000000000000000000000000000000000000000000000001a0000000000000000000000000000000000000000000000000000000000000012800000000000000000000000000000000000000000000000000000000000000e3000000000000000000000000000000000000000000000000000000000000000800000000000000000000000000000000000000000000000000000000000001cb00000000000000000000000000000000000000000000000000000000000000bb000000000000000000000000000000000000000000000000000000000000002400000000000000000000000000000000000000000000000000000000000001640000000000000000000000000000000000000000000000000000000000000112000000000000000000000000000000000000000000000000000000000000002d00000000000000000000000000000000000000000000000000000000000000520000000000000000000000000000000000000000000000000000000000000023000000000000000000000000000000000000000000000000000000000000016b00000000000000000000000000000000000000000000000000000000000001780000000000000000000000000000000000000000000000000000000000000176000000000000000000000000000000000000000000000000000000000000017a000000000000000000000000000000000000000000000000000000000000017b000000000000000000000000000000000000000000000000000000000000012b000000000000000000000000000000000000000000000000000000000000019e000000000000000000000000000000000000000000000000000000000000003f00000000000000000000000000000000000000000000000000000000000001b900000000000000000000000000000000000000000000000000000000000001bf00000000000000000000000000000000000000000000000000000000000001510000000000000000000000000000000000000000000000000000000000000005000000000000000000000000000000000000000000000000000000000000011a,,2195901,EIP1559,maxFeePerGas=3795427690,maxPriorityFeePerGas=1875000000,2025-06-07T09:04:14.997Z
117,0x17a513d7c507296e46bd827b2c72eff79c15350da720dc40250eb3795c6f83c1,submitted,4a788c46-d1de-4b1d-bac3-86fdde7250f0,0x1932e815254c53B3Ecd81CECf252A5AC7f0e8BeA,0x0,0x0cbeab6d0000000000000000000000005c8032e8fb4603a9f0483ab26e8fc356fde0e5b9000000000000000000000000000000000000000000000079e2d16f775cab2d250000000000000000000000000000000000000000000000000000000000000060000000000000000000000000000000000000000000000000000000000000002e00000000000000000000000000000000000000000000000000000000000001a2000000000000000000000000000000000000000000000000000000000000000200000000000000000000000000000000000000000000000000000000000001ca00000000000000000000000000000000000000000000000000000000000001be0000000000000000000000000000000000000000000000000000000000000020000000000000000000000000000000000000000000000000000000000000013a0000000000000000000000000000000000000000000000000000000000000001000000000000000000000000000000000000000000000000000000000000001400000000000000000000000000000000000000000000000000000000000001b1000000000000000000000000000000000000000000000000000000000000000d00000000000000000000000000000000000000000000000000000000000000580000000000000000000000000000000000000000000000000000000000000003000000000000000000000000000000000000000000000000000000000000000c000000000000000000000000000000000000000000000000000000000000013b000000000000000000000000000000000000000000000000000000000000013c000000000000000000000000000000000000000000000000000000000000002500000000000000000000000000000000000000000000000000000000000001bb00000000000000000000000000000000000000000000000000000000000001c4000000000000000000000000000000000000000000000000000000000000002200000000000000000000000000000000000000000000000000000000000001b6000000000000000000000000000000000000000000000000000000000000001700000000000000000000000000000000000000000000000000000000000001b000000000000000000000000000000000000000000000000000000000000000f900000000000000000000000000000000000000000000000000000000000001a6000000000000000000000000000000000000000000000000000000000000001600000000000000000000000000000000000000000000000000000000000001a0000000000000000000000000000000000000000000000000000000000000012800000000000000000000000000000000000000000000000000000000000000e3000000000000000000000000000000000000000000000000000000000000000800000000000000000000000000000000000000000000000000000000000001cb00000000000000000000000000000000000000000000000000000000000000bb000000000000000000000000000000000000000000000000000000000000002400000000000000000000000000000000000000000000000000000000000001640000000000000000000000000000000000000000000000000000000000000112000000000000000000000000000000000000000000000000000000000000002d00000000000000000000000000000000000000000000000000000000000000520000000000000000000000000000000000000000000000000000000000000023000000000000000000000000000000000000000000000000000000000000016b000000000000000000000000000000000000000000000000000000000000017a00000000000000000000000000000000000000000000000000000000000001780000000000000000000000000000000000000000000000000000000000000176000000000000000000000000000000000000000000000000000000000000017b000000000000000000000000000000000000000000000000000000000000012b000000000000000000000000000000000000000000000000000000000000019e000000000000000000000000000000000000000000000000000000000000003f00000000000000000000000000000000000000000000000000000000000001b9,,2038095,EIP1559,maxFeePerGas=4247314392,maxPriorityFeePerGas=1875000000,2025-06-07T09:04:15.094Z